year,rank,title,singer,sales,release_date
2018,1,LOVE YOURSELF 結 ''Answer'',방탄소년단,2197808,2018.08.24
2018,2,LOVE YOURSELF 轉 ''Tear'',방탄소년단,1849537,2018.05.18
2018,3,DON''T MESS UP MY TEMPO - The 5th Album,EXO,1452030,2018.11.02
2018,4,0+1=1 (I PROMISE YOU),Wanna One (워너원),782562,2018.03.19
2018,5,1÷χ=1 (UNDIVIDED),Wanna One (워너원),641131,2018.06.04
2018,6,1¹¹=1 (POWER OF DESTINY),Wanna One (워너원),605128,2018.11.19
2018,7,LOVE SHOT - The 5th Album Repackage,EXO,499849,2018.12.13
2018,8,5TH MINI ALBUM ''YOU MAKE MY DAY'',세븐틴,389937,2018.07.16
2018,9,Blooming Days - The 2nd Mini Album,EXO-CBX (첸백시),363567,2018.04.10
2018,10,What is Love?,TWICE,348797,2018.04.09
2018,11,LOVE YOURSELF 承 ''Her'',방탄소년단,333420,2017.09.18
2018,12,Eyes On You,GOT7,332580,2018.03.12
2018,13,NCT 2018 EMPATHY,NCT,330335,2018.03.14
2018,14,Present : YOU,GOT7,326754,2018.09.17
2018,15,YES or YES,TWICE,325761,2018.11.05
2018,16,Summer Nights,TWICE,314421,2018.07.09
2018,17,NCT #127 Regular-Irregular - The 1st Album,NCT 127,292341,2018.10.12
2018,18,"WHO, YOU",뉴이스트 W,250810,2018.06.25
2018,19,ARE YOU THERE? - The 2nd Album Take.1,몬스타엑스,239137,2018.10.22
2018,20,Poet l Artist,종현 (JONGHYUN),235965,
2018,21,SQUARE UP,BLACKPINK,230656,2018.06.15
2018,22,We Go Up - The 2nd Mini Album,NCT DREAM,202626,2018.09.03
2018,23,The year of ''YES'',TWICE,196034,2018.12.12
2018,24,COLOR*IZ,IZ*ONE (아이즈원),192738,2018.10.29
2018,25,"WAKE,N",뉴이스트 W,191461,2018.11.26
2018,26,SPECIAL ALBUM ''DIRECTOR''S CUT'',세븐틴,188911,2018.02.05
2018,27,''Present : YOU'' &ME Edition,GOT7,185641,2018.12.03
2018,28,THE CONNECT : DEJAVU,몬스타엑스,175130,2018.03.26
2018,29,NCT #127 Regulate - The 1st Album Repackage,NCT 127,157809,2018.11.23
2018,30,Summer Magic - Summer Mini Album,레드벨벳(Red Velvet),157323,2018.08.06
2018,31,New Chapter #1 : The Chance of Love - The 8th Album,동방신기,146354,2018.03.28
2018,32,One More Time - Special Mini Album,슈퍼주니어 (Super Junior),142534,2018.10.08
2018,33,화양연화 Young Forever,방탄소년단,129819,2016.05.02
2018,34,WINGS,방탄소년단,129787,2016.10.10
2018,35,True Colors,JBJ,123502,2018.01.17
2018,36,EVERYD4Y,위너(WINNER),121062,2018.04.04
2018,37,THIS IS US,비투비 (BTOB),119401,2018.06.18
2018,38,Be Myself,황치열,115988,2018.04.24
2018,39,3rd MINI ALBUM [THE ONLY],더보이즈(THE BOYZ),115754,2018.11.29
2018,40,''The Story of Light'' EP.1 - The 6th Album,샤이니 (SHINee),115234,2018.05.28
2018,41,REPLAY - The 8th Repackage Album,슈퍼주니어 (Super Junior),114457,2018.04.12
2018,42,YOU NEVER WALK ALONE,방탄소년단,111140,2017.02.13
2018,43,NEW KIDS : CONTINUE,iKON,109481,2018.08.02
2018,44,I am YOU,Stray Kids (스트레이 키즈),107975,2018.10.22
2018,45,Return,iKON,105105,2018.01.25
2018,46,HOUR MOMENT,비투비 (BTOB),101747,2018.11.12
2018,47,''The Story of Light'' EP.3 - The 6th Album,샤이니 (SHINee),98998,2018.06.25
2018,48,''The Story of Light'' EP.2 - The 6th Album,샤이니 (SHINee),97220,2018.06.11
2018,49,RBB - The 5th Mini Album,레드벨벳(Red Velvet),94367,2018.11.30
2018,50,EAU DE VIXX,빅스 (VIXX),94225,2018.04.17
2018,51,New Chapter #2 : The Truth of Love - 15th Anniversary Special Album,동방신기,93238,2018.12.26
2018,52,I am WHO,Stray Kids (스트레이 키즈),91648,2018.08.06
2018,53,The Perfect Red Velvet - The 2nd Album Repackage,레드벨벳(Red Velvet),91325,2018.01.29
2018,54,I am NOT,Stray Kids (스트레이 키즈),86576,2018.03.26
2018,55,The 6th Mini Album ''Time for the moon night'',여자친구 (GFRIEND),84313,2018.04.30
2018,56,TOP SEED,인피니트 (Infinite),80523,2018.01.08
2018,57,화양연화 pt.2,방탄소년단,80100,2015.11.30
2018,58,Skool Luv Affair,방탄소년단,77291,2014.02.12
2018,59,화양연화 pt.1,방탄소년단,72472,2015.04.29
2018,60,1¹¹=1 (POWER OF DESTINY) (KiT),Wanna One (워너원),71783,2018.11.19
2018,61,THE BOYZ MINI ALBUM [THE START],더보이즈(THE BOYZ),71585,2018.04.03
2018,62,XX,MINO (송민호),71302,2018.11.26
2018,63,Something New - The 3rd Mini Album,태연 (TAEYEON),70400,2018.06.18
2018,64,VOICE - The 1st Mini Album,온유 (ONEW),69023,2018.12.05
2018,65,INVITATION,업텐션 (UP10TION),68420,2018.03.15
2018,66,Shoot Me : Youth Part 1,DAY6,65571,2018.06.26
2018,67,DARK&WILD,방탄소년단,65537,2014.08.20
2018,68,ONE & SIX,에이핑크 (Apink),64030,2018.07.02
2018,69,NEW MOON,JBJ,62707,2018.04.17
2018,70,WJ PLEASE?,우주소녀,61952,2018.09.19
2018,71,MIXTAPE,Stray Kids (스트레이 키즈),60769,2018.01.08
2018,72,FACE - The 1st Album,키 (KEY),60053,2018.11.26
2018,73,YANG YOSEOP 2ND MINI ALBUM ''白'',양요섭,58535,
2018,74,NEW KIDS : THE FINAL,iKON,58357,2018.10.01
2018,75,Second Write..,남우현,56842,2018.09.03
2018,76,SHINHWA TWENTY SPECIAL ALBUM ''HEART'',신화,56398,2018.08.28
2018,77,Merry & Happy,TWICE,56334,2017.12.11
2018,78,1st Album ''10 Stories'',김성규,56082,2018.02.26
2018,79,Summer Mini Album ''Sunny Summer'',여자친구 (GFRIEND),54913,2018.07.19
2018,80,[+ +],이달의 소녀,52823,2022.10.16
2018,81,Positive,펜타곤 (PENTAGON),52488,2018.04.02
2018,82,"O! RUL8 ,2?",방탄소년단,52203,2013.09.11
2018,83,1st MINI ALBUM ''HOME'',JBJ95,52077,2018.10.30
2018,84,MILLIONS,위너(WINNER),52074,2018.12.19
2018,85,2 Cool 4 Skool,방탄소년단,51296,2013.06.12
2018,86,''The Story of Light'' Epilogue - The 6th Album,샤이니 (SHINee),50635,2018.09.10
2018,87,Yellow Flower,마마무 (Mamamoo),50574,2018.03.07
2018,88,Remember Us : Youth Part 2,DAY6,49721,2018.12.10
2018,89,RED MOON,마마무 (Mamamoo),48709,2018.07.16
2018,90,Dream your dream,우주소녀,48328,2018.02.27
2018,91,1X1=1(TO BE ONE),Wanna One (워너원),48126,2017.08.07
2018,92,OUTRO,하이라이트(Highlight),47937,2018.11.20
2018,93,1st Single Album [THE SPHERE],더보이즈(THE BOYZ),47470,2018.09.05
2018,94,THE GREAT SEUNGRI,승리,46505,2018.07.20
2018,95,SIGNAL,TWICE,46328,2017.05.15
2018,96,2nd Mini Album [奇跡(기적)],골든차일드,46281,2018.01.29
2018,97,BOYHOOD,유앤비 (UNB),46131,2018.04.07
2018,98,2ND MINI ALBUM [MATCH UP],MXM (BRANDNEWBOYS),45806,2018.01.10
2018,99,BLUE;S,마마무 (Mamamoo),45493,2018.11.29
2018,100,SOLO,제니 (JENNIE),45402,2018.11.12
2019,1,MAP OF THE SOUL : PERSONA,방탄소년단,3718230,2019.04.12
2019,2,3RD ALBUM ''An Ode'',세븐틴,858872,2019.09.16
2019,3,OBSESSION - The 6th Album,EXO,766294,2019.11.27
2019,4,비상 : QUANTUM LEAP,X1 (엑스원),580573,2019.08.27
2019,5,BTS WORLD OST,방탄소년단,553364,2019.06.28
2019,6,City Lights - The 1st Mini Album,백현 (BAEKHYUN),525935,2019.07.10
2019,7,color on me,강다니엘,500134,2019.07.25
2019,8,6TH MINI ALBUM ''YOU MADE MY DAWN'',세븐틴,475998,2019.01.21
2019,9,Time_Slip - The 9th Album,슈퍼주니어 (Super Junior),427647,2019.10.14
2019,10,Feel Special,TWICE,413459,2019.09.23
2019,11,FANCY YOU,TWICE,394405,2019.04.22
2019,12,What a life - The 1st Mini Album,세훈&찬열(EXO-SC),391121,2019.07.22
2019,13,LOVE YOURSELF 承 ''Her'',방탄소년단,369601,2017.09.18
2019,14,LOVE YOURSELF 結 ''Answer'',방탄소년단,363570,2018.08.24
2019,15,LOVE YOURSELF 轉 ''Tear'',방탄소년단,332372,2018.05.18
2019,16,We Boom - The 3rd Mini Album,NCT DREAM,327805,2019.07.26
2019,17,KILL THIS LOVE,BLACKPINK,324577,2019.04.05
2019,18,SPINNING TOP : BETWEEN SECURITY & INSECURITY,GOT7,314948,2019.05.20
2019,19,Call My Name,GOT7,298361,2019.11.04
2019,20,NCT #127 WE ARE SUPERHUMAN - The 4th Mini Album,NCT 127,265762,2019.05.24
2019,21,HEART*IZ,IZ*ONE (아이즈원),255536,2019.04.01
2019,22,WE ARE HERE - The 2nd Album Take.2,몬스타엑스,253456,2019.02.18
2019,23,The 6th Mini Album ''Happily Ever After'',뉴이스트 (NU`EST),251083,2019.04.29
2019,24,''FOLLOW'' : FIND YOU,몬스타엑스,226357,2019.10.28
2019,25,The 7th Mini Album ''The Table'',뉴이스트 (NU`EST),212499,2019.10.21
2019,26,꿈의 장: STAR,투모로우바이투게더,203795,2019.03.04
2019,27,꿈의 장: MAGIC,투모로우바이투게더,202302,2019.10.21
2019,28,Love poem,아이유 (IU),191051,2019.11.18
2019,29,"사월, 그리고 꽃 - The 1st Mini Album",첸 (CHEN),187575,2019.04.01
2019,30,Cle : LEVANTER,Stray Kids (스트레이 키즈),182300,2019.12.09
2019,31,Cle 1 : MIROH,Stray Kids (스트레이 키즈),169319,2019.03.25
2019,32,B:COMPLETE,AB6IX (에이비식스),168075,2019.05.22
2019,33,SuperM - The 1st Mini Album,SuperM,167640,2019.10.04
2019,34,Purpose - The 2nd Album,태연 (TAEYEON),165739,2019.10.28
2019,35,TREASURE EP.FIN : All To Action,ATEEZ (에이티즈),165479,2019.10.08
2019,36,사랑하는 그대에게 - The 2nd Mini Album,첸 (CHEN),157429,2019.10.01
2019,37,''The ReVe Festival'' Day 1,레드벨벳(Red Velvet),156993,2019.06.19
2019,38,Cle 2 : Yellow Wood,Stray Kids (스트레이 키즈),156048,2019.06.19
2019,39,TREASURE EP.3 : One To All,ATEEZ (에이티즈),144234,2019.06.10
2019,40,True Colors - The 1st Mini Album,유노윤호 (U-KNOW),143424,2019.06.12
2019,41,6IXENSE,AB6IX (에이비식스),141280,2019.10.07
2019,42,WINGS,방탄소년단,136013,2016.10.10
2019,43,화양연화 Young Forever,방탄소년단,135517,2016.05.02
2019,44,2nd Single Album [Bloom Bloom],더보이즈(THE BOYZ),130018,2019.04.29
2019,45,WE,위너(WINNER),129783,2019.05.15
2019,46,All Light,아스트로(ASTRO),126721,2019.01.16
2019,47,IT''z ICY,ITZY (있지),123777,2019.07.29
2019,48,YOU NEVER WALK ALONE,방탄소년단,123710,2017.02.13
2019,49,BLUE FLAME,아스트로(ASTRO),117925,2019.11.20
2019,50,4th MINI ALBUM [DreamLike],더보이즈(THE BOYZ),112458,2019.08.19
2019,51,''The ReVe Festival'' Day 2,레드벨벳(Red Velvet),111654,2019.08.20
2019,52,O''CLOCK,박지훈,109428,2019.03.26
2019,53,reality in BLACK,마마무 (Mamamoo),108565,2019.11.14
2019,54,WANT - The 2nd Mini Album,태민 (TAEMIN),107578,2019.02.11
2019,55,CROSS,위너(WINNER),106537,2019.10.23
2019,56,The Four Seasons,황치열,105227,2019.01.21
2019,57,''The ReVe Festival'' Finale,레드벨벳(Red Velvet),104729,2019.12.23
2019,58,Another,김재환,104256,2019.05.20
2019,59,360,박지훈,103392,2019.12.04
2019,60,S.O.L,이진혁,99530,2019.11.04
2019,61,화양연화 pt.2,방탄소년단,97034,2015.11.30
2019,62,Skool Luv Affair,방탄소년단,93484,2014.02.12
2019,63,The 2nd Album ''Time for us'',여자친구 (GFRIEND),93025,2019.01.14
2019,64,DANGER - The 3rd Mini Album,SUPER JUNIOR-D&E (동해&은혁),89959,2019.04.14
2019,65,My Moment,하성운,87844,2019.02.28
2019,66,As you Wish,우주소녀,87219,2019.11.19
2019,67,FOCUS,Jus2 (저스투),85461,2019.03.05
2019,68,The 7th Mini Album ''FEVER SEASON'',여자친구 (GFRIEND),82389,2019.07.01
2019,69,화양연화 pt.1,방탄소년단,82065,2015.04.29
2019,70,BXXX,하성운,81759,2019.07.08
2019,71,SPECIAL ALBUM (For the Summer),우주소녀,78555,2019.06.04
2019,72,"2nd EP ALBUM ''HELLO'' Chapter 2. Hello, Strange Place",CIX (씨아이엑스),76037,2019.11.19
2019,73,DARK&WILD,방탄소년단,75778,2014.08.20
2019,74,nostalgia,VICTON (빅톤),74602,2019.11.04
2019,75,"1st EP ALBUM ''HELLO'' Chapter 1. Hello, Stranger",CIX (씨아이엑스),73790,2019.07.23
2019,76,2 Cool 4 Skool,방탄소년단,70023,2013.06.12
2019,77,TREASURE EP.2 : Zero To One,ATEEZ (에이티즈),69903,2019.01.15
2019,78,White Wind,마마무 (Mamamoo),69832,2019.03.14
2019,79,G1,은지원,69397,2019.06.27
2019,80,NEW KIDS REPACKAGE : THE NEW KIDS,iKON,68728,2019.01.07
2019,81,"O! RUL8 ,2?",방탄소년단,67493,2013.09.11
2019,82,MOMENT,김재환,66228,2019.12.12
2019,83,The Book of Us : Entropy,DAY6,64454,2019.10.22
2019,84,WJ STAY?,우주소녀,64339,2019.01.08
2019,85,끝을 받아들이기가 어려워,배진영,63987,2019.04.26
2019,86,비상 : QUANTUM LEAP (KiT),X1 (엑스원),62010,2019.08.27
2019,87,Pink Magic,예성 (YESUNG),60384,2019.06.18
2019,88,The Book of Us : Gravity,DAY6,60013,2019.07.15
2019,89,SQUARE UP,BLACKPINK,57332,2018.06.15
2019,90,RPM,SF9 (에스에프나인),56850,2019.06.17
2019,91,FUN FACTORY,프로미스나인 (fromis_9),56121,2019.06.04
2019,92,6th Mini Album [Once upon a time],러블리즈,54419,2019.05.20
2019,93,NCT 2018 EMPATHY,NCT,52981,2018.03.14
2019,94,1¹¹=1 (POWER OF DESTINY),Wanna One (워너원),52426,2018.11.19
2019,95,JINU''s HEYDAY,JINU (김진우),51356,2019.08.14
2019,96,야호(夜好),엔플라잉 (N.Flying),51237,2019.10.15
2019,97,6th Mini Album ''NARCISSUS'',SF9 (에스에프나인),50960,
2019,98,What is Love?,TWICE,50877,2018.04.09
2019,99,A Walk to Remember - Special Album,윤아 (YOONA),49696,2019.05.30
2019,100,너를 만나러 간다 (The day we meet again),규현 (KYUHYUN),49673,2019.05.20
2020,1,MAP OF THE SOUL : 7,방탄소년단,4376975,2020.02.21
2020,2,BE,방탄소년단,2692022,2020.11.20
2020,3,7th Mini Album ''헹가래'',세븐틴,1377813,2020.06.22
2020,4,NCT RESONANCE Pt. 1 - The 2nd Album,NCT,1289594,2020.10.12
2020,5,THE ALBUM,BLACKPINK,1244802,2020.10.02
2020,6,Special Album ''; [Semicolon]'',세븐틴,1122850,2020.10.19
2020,7,Delight - The 2nd Mini Album,백현 (BAEKHYUN),971554,2020.05.25
2020,8,NCT #127 Neo Zone - The 2nd Album,NCT 127,836779,2020.03.06
2020,9,NCT RESONANCE Pt. 2 - The 2nd Album,NCT,791590,2020.11.23
2020,10,Skool Luv Affair Special Addition,방탄소년단,670500,2014.05.14
2020,11,Reload,NCT DREAM,633593,2020.04.29
2020,12,MORE & MORE,TWICE,573431,2020.06.01
2020,13,우리家,김호중,539350,2020.09.05
2020,14,NCT #127 Neo Zone The Final Round - The 2nd Album Repackage,NCT 127,524224,2020.05.19
2020,15,Oneiric Diary (幻想日記),IZ*ONE (아이즈원),515492,2020.06.15
2020,16,10억뷰 - The 1st Album,세훈&찬열(EXO-SC),510297,2020.07.13
2020,17,Super One,SuperM,504232,2020.09.25
2020,18,Eyes wide open,TWICE,479885,2020.10.26
2020,19,minisode1 : Blue Hour,투모로우바이투게더,476596,2020.10.26
2020,20,BLOOM*IZ,IZ*ONE (아이즈원),465308,2020.02.17
2020,21,DYE,GOT7,454293,2020.04.20
2020,22,IN生,Stray Kids (스트레이 키즈),440625,2020.09.14
2020,23,One-reeler / Act IV,IZ*ONE (아이즈원),431498,2020.12.07
2020,24,BORDER : DAY ONE,ENHYPEN,379992,2020.11.30
2020,25,ZERO : FEVER Part.1,ATEEZ (에이티즈),379052,2020.07.29
2020,26,5th MINI ALBUM [CHASE],더보이즈(THE BOYZ),368911,2020.09.21
2020,27,GO生,Stray Kids (스트레이 키즈),364252,2020.06.17
2020,28,꿈의 장: ETERNITY,투모로우바이투게더,358514,2020.05.18
2020,29,KAI - The 1st Mini Album,카이 (KAI),344246,2020.11.30
2020,30,Breath of Love : Last Piece,GOT7,340819,2020.11.30
2020,31,MAGENTA,강다니엘,337785,2020.08.03
2020,32,SPECIAL EDITION [How You Like That],BLACKPINK,302377,
2020,33,Fatal Love,몬스타엑스,278765,2020.11.02
2020,34,자화상 - The 1st Mini Album,수호 (SUHO),272698,2020.03.30
2020,35,CYAN,강다니엘,266176,2020.03.24
2020,36,FANTASIA X,몬스타엑스,264285,2020.05.26
2020,37,The Classic Album I - My Favorite Arias,김호중,248480,
2020,38,The Classic Album II - My Favorite Songs,김호중,248466,
2020,39,THE FIRST STEP : CHAPTER ONE,TREASURE (트레저),247983,2020.08.07
2020,40,THE FIRST STEP : CHAPTER TWO,TREASURE (트레저),239326,2020.09.18
2020,41,Monster - The 1st Mini Album,레드벨벳-아이린&슬기,232498,2020.07.06
2020,42,THE FIRST STEP : CHAPTER THREE,TREASURE (트레저),232134,2020.11.06
2020,43,BAD BLOOD - The 4th Mini Album,SUPER JUNIOR-D&E (동해&은혁),226393,2020.09.03
2020,44,Not Shy,ITZY (있지),216151,2020.08.17
2020,45,MAP OF THE SOUL : PERSONA,방탄소년단,197536,2019.04.12
2020,46,The 8th Mini Album ''The Nocturne'',뉴이스트 (NU`EST),193509,2020.05.11
2020,47,TREASURE EPILOGUE : Action To Answer,ATEEZ (에이티즈),179796,2020.01.06
2020,48,NCT RESONANCE Pt. 1 - The 2nd Album (KiT),NCT,175747,2020.10.12
2020,49,LOVE YOURSELF 結 ''Answer'',방탄소년단,169952,2018.08.24
2020,50,TRAVEL,마마무 (Mamamoo),169850,2020.11.03
2020,51,LOVE YOURSELF 轉 ''Tear'',방탄소년단,167679,2018.05.18
2020,52,HIDEOUT: THE NEW DAY WE STEP INTO - SEASON 2.,CRAVITY,166644,2020.08.24
2020,53,HIDEOUT: REMEMBER WHO WE ARE - SEASON1.,CRAVITY,154360,2020.04.14
2020,54,I trust,(여자)아이들,154016,2020.04.06
2020,55,Never Gonna Dance Again : Act 1 - The 3rd Album,태민 (TAEMIN),153926,2020.09.07
2020,56,IT''z ME,ITZY (있지),153037,2020.03.09
2020,57,푸르게 빛나던 우리의 계절 (When We Were Us) - The 1st Mini Album,슈퍼주니어-K.R.Y. (Super Junior-K.R.Y.),151153,2020.06.08
2020,58,LOVE YOURSELF 承 ''Her'',방탄소년단,150656,2017.09.18
2020,59,1ST MINI ALBUM Part. 1 [Love Synonym #1 : Right for Me],원호 (WONHO),146068,2020.09.04
2020,60,NCT RESONANCE Pt. 2 - The 2nd Album (KiT),NCT,145146,2020.11.23
2020,61,EQUAL,WOODZ (조승연),143791,2020.06.29
2020,62,VIVID,AB6IX (에이비식스),139900,2020.06.29
2020,63,덤디덤디 (DUMDi DUMDi),(여자)아이들,124815,2020.08.03
2020,64,화양연화 Young Forever,방탄소년단,123591,2016.05.02
2020,65,Never Gonna Dance Again : Act 2 - The 3rd Album,태민 (TAEMIN),123441,2020.11.09
2020,66,REVEAL,더보이즈(THE BOYZ),121621,2020.02.10
2020,67,TIMELESS - The 9th Album Repackage,슈퍼주니어 (Super Junior),121293,2020.01.28
2020,68,WINGS,방탄소년단,119148,2016.10.10
2020,69,FIRST COLLECTION,SF9 (에스에프나인),117785,2020.01.07
2020,70,1ST DESIRE [GREED],김우석,117570,2020.05.25
2020,71,[12:00],이달의 소녀,114503,2020.10.19
2020,72,Remember,위너(WINNER),114466,2020.04.09
2020,73,애요,김재중,114286,2020.01.14
2020,74,YOU NEVER WALK ALONE,방탄소년단,113191,2017.02.13
2020,75,WE:TH,펜타곤 (PENTAGON),110801,2020.10.12
2020,76,Chocolate - The 1st Mini Album,최강창민 (MAX CHANGMIN),109203,2020.04.06
2020,77,LIVED,원어스(ONEUS),108862,2020.08.19
2020,78,Awaken The World - The 1st Album,WayV,107773,2020.06.09
2020,79,SALUTE,AB6IX (에이비식스),106682,2020.11.02
2020,80,9loryUS,SF9 (에스에프나인),105874,2020.07.06
2020,81,Neverland,우주소녀,105056,2020.06.09
2020,82,5th Mini Album [Dystopia : Lose Myself],드림캐쳐,99746,
2020,83,What Do I Call You - The 4th Mini Album,태연 (TAEYEON),99065,2020.12.15
2020,84,2nd Single Album [Pump It Up],골든차일드,98239,2020.10.07
2020,85,KILL THIS LOVE,BLACKPINK,98035,2019.04.05
2020,86,7th Mini Album [GATEWAY],아스트로(ASTRO),97991,
2020,87,TAKE,MINO (송민호),97577,2020.10.30
2020,88,화양연화 pt.2,방탄소년단,97139,2015.11.30
2020,89,Mayday,VICTON (빅톤),95850,2020.06.02
2020,90,Continuous,VICTON (빅톤),95709,2020.03.09
2020,91,WOOPS!,WOODZ (조승연),95531,2020.11.17
2020,92,回:Song of the Sirens,여자친구 (GFRIEND),90242,2020.07.13
2020,93,3RD ALBUM ''An Ode'',세븐틴,89260,2019.09.16
2020,94,Fame,한승우,86063,2020.08.10
2020,95,The Book of Us : The Demon,DAY6,85898,2020.05.11
2020,96,SPIT IT OUT,솔라,84951,2020.04.23
2020,97,The W,박지훈,84769,2020.05.26
2020,98,Skool Luv Affair,방탄소년단,84755,2014.02.12
2020,99,화양연화 pt.1,방탄소년단,84641,2015.04.29
2020,100,回:LABYRINTH,여자친구 (GFRIEND),82760,2020.02.03
2021,1,Butter,방탄소년단,2999407,2021.05.21
2021,2,Sticker - The 3rd Album,NCT 127,2427559,2021.09.17
2021,3,맛 (Hot Sauce) - The 1st Album,NCT DREAM,2097185,2021.05.10
2021,4,9th Mini Album ''Attacca'',세븐틴,2059073,2021.10.22
2021,5,Universe - The 3rd Album,NCT,1630715,2021.12.14
2021,6,8th Mini Album ''Your Choice'',세븐틴,1462405,2021.06.18
2021,7,DON''T FIGHT THE FEELING - Special Album,EXO,1326189,2021.06.07
2021,8,NOEASY,Stray Kids (스트레이 키즈),1303106,2021.08.23
2021,9,DIMENSION : DILEMMA,ENHYPEN,1205949,2021.10.12
2021,10,BE,방탄소년단,1049496,2020.11.20
2021,11,Hello Future - The 1st Album Repackage,NCT DREAM,1025005,2021.06.28
2021,12,Bambi - The 3rd Mini Album,백현 (BAEKHYUN),996850,2021.03.30
2021,13,Favorite - The 3rd Album Repackage,NCT 127,934986,2021.10.25
2021,14,혼돈의 장: FREEZE,투모로우바이투게더,877917,2021.05.31
2021,15,BORDER : CARNIVAL,ENHYPEN,788451,2021.04.26
2021,16,혼돈의 장: FIGHT OR ESCAPE,투모로우바이투게더,775121,2021.08.17
2021,17,Christmas EveL,Stray Kids (스트레이 키즈),743047,2021.11.29
2021,18,ZERO : FEVER Part.3,ATEEZ (에이티즈),737124,2021.09.13
2021,19,Formula of Love: O+T=<3,TWICE,714955,2021.11.12
2021,20,LALISA,리사 (LISA),708475,2021.09.10
2021,21,6TH MINI ALBUM [THRILL-ING],더보이즈(THE BOYZ),642992,2021.08.09
2021,22,3rd Single Album [MAVERICK],더보이즈(THE BOYZ),642369,2021.11.01
2021,23,Savage - The 1st Mini Album,aespa,574445,2021.10.05
2021,24,Taste of Love,TWICE,559093,2021.06.11
2021,25,R,로제 (ROSE),516915,2021.03.12
2021,26,ZERO : FEVER Part.2,ATEEZ (에이티즈),514515,2021.03.01
2021,27,CRAZY IN LOVE,ITZY (있지),500124,2021.09.24
2021,28,LOVE YOURSELF 轉 ''Tear'',방탄소년단,458050,2018.05.18
2021,29,The Renaissance - The 10th Album,슈퍼주니어 (Super Junior),442742,2021.03.16
2021,30,NO LIMIT,몬스타엑스,424618,2021.11.19
2021,31,LOVE YOURSELF 結 ''Answer'',방탄소년단,411822,2018.08.24
2021,32,ZERO: FEVER EPILOGUE,ATEEZ (에이티즈),407165,2021.12.10
2021,33,5th Album ''LILAC'',아이유 (IU),402864,2021.03.25
2021,34,NCT RESONANCE Pt. 2 - The 2nd Album,NCT,393900,2020.11.23
2021,35,LOVE YOURSELF 承 ''Her'',방탄소년단,391160,2017.09.18
2021,36,공감 - The 1st Mini Album,디오 (D.O.),380178,2021.07.26
2021,37,Queendom - The 6th Mini Album,레드벨벳(Red Velvet),363602,2021.08.16
2021,38,All Yours,아스트로(ASTRO),360911,2021.04.05
2021,39,MAP OF THE SOUL : PERSONA,방탄소년단,358154,2019.04.12
2021,40,One Of A Kind,몬스타엑스,352734,2021.06.01
2021,41,MAP OF THE SOUL : 7,방탄소년단,345192,2020.02.21
2021,42,GUESS WHO,ITZY (있지),339940,2021.04.30
2021,43,THE FIRST STEP : TREASURE EFFECT,TREASURE (트레저),331320,2021.01.11
2021,44,YELLOW,강다니엘,320114,2021.04.13
2021,45,SWITCH ON,아스트로(ASTRO),310979,2021.08.02
2021,46,Don''t Call Me - The 7th Album,샤이니 (SHINee),307859,2021.02.22
2021,47,Kick Back - The 3rd Mini Album,WayV,276132,2021.03.10
2021,48,Hello Future - The 1st Album Repackage (KiT),NCT DREAM,269641,2021.06.28
2021,49,ELEVEN,IVE (아이브),268396,2021.12.01
2021,50,Peaches - The 2nd Mini Album,카이 (KAI),265201,2021.11.30
2021,51,Favorite - The 3rd Album Repackage (KiT),NCT 127,230350,2021.10.25
2021,52,I burn,(여자)아이들,219409,2021.01.11
2021,53,TURN OVER,SF9 (에스에프나인),217201,2021.07.05
2021,54,The 2nd Album ''Romanticize'',뉴이스트 (NU`EST),205972,2021.04.19
2021,55,NCT 2018 EMPATHY,NCT,199062,2018.03.14
2021,56,THE ALBUM,BLACKPINK,190729,2020.10.02
2021,57,BORDER : DAY ONE,ENHYPEN,189832,2020.11.30
2021,58,화양연화 Young Forever,방탄소년단,186595,2016.05.02
2021,59,WINGS,방탄소년단,184418,2016.10.10
2021,60,YOU NEVER WALK ALONE,방탄소년단,184398,2017.02.13
2021,61,1ST ALBUM PART 1 [The Awakening: Written In The Stars],CRAVITY,181291,2021.08.19
2021,62,RUMINATION,SF9 (에스에프나인),179581,2021.11.22
2021,63,NOIR - The 2nd Mini Album,유노윤호 (U-KNOW),178643,2021.01.18
2021,64,BLOOD MOON ,원어스(ONEUS),177877,2021.11.09
2021,65,HIDEOUT: BE OUR VOICE - SEASON 3.,CRAVITY,176511,2021.01.19
2021,66,Like Water - The 1st Mini Album,웬디 (WENDY),172598,2021.04.05
2021,67,화양연화 pt.2,방탄소년단,166566,2015.11.30
2021,68,STEREOTYPE,STAYC(스테이씨),166529,2021.09.06
2021,69,minisode1 : Blue Hour,투모로우바이투게더,161879,2020.10.26
2021,70,3RD ALBUM ''An Ode'',세븐틴,153073,2019.09.16
2021,71,2nd Album [Game Changer],골든차일드,148177,2021.08.02
2021,72,Atlantis - The 7th Album Repackage,샤이니 (SHINee),147023,2021.04.12
2021,73,"그리움, 아낌없이 주는 나무",정동원,144576,2021.11.17
2021,74,MUST,2PM,143480,2021.06.28
2021,75,Advice - The 3rd Mini Album,태민 (TAEMIN),136370,2021.05.18
2021,76,WAW,마마무 (Mamamoo),135165,2021.06.02
2021,77,riBBon,뱀뱀 (BamBam),134845,2021.06.15
2021,78,화양연화 pt.1,방탄소년단,132293,2015.04.29
2021,79,We Boom - The 3rd Mini Album,NCT DREAM,129803,2019.07.26
2021,80,Dystopia : Road to Utopia,드림캐쳐,129797,2021.01.26
2021,81,[Summer Holiday],드림캐쳐,129715,2021.07.30
2021,82,[&],이달의 소녀,128517,2021.06.28
2021,83,BAD LOVE - The 1st Mini Album,키 (KEY),128448,2021.09.27
2021,84,IN生,Stray Kids (스트레이 키즈),125570,2020.09.14
2021,85,"O! RUL8 ,2?",방탄소년단,125217,2013.09.11
2021,86,DEVIL,원어스(ONEUS),123380,2021.01.19
2021,87,DARK&WILD,방탄소년단,122505,2014.08.20
2021,88,Skool Luv Affair,방탄소년단,121285,2014.02.12
2021,89,KILL THIS LOVE,BLACKPINK,120001,2019.04.05
2021,90,2 Cool 4 Skool,방탄소년단,115160,2013.06.12
2021,91,LOVE or TAKE,펜타곤 (PENTAGON),114355,2021.03.15
2021,92,VOICE : The future is now,VICTON (빅톤),114245,2021.01.11
2021,93,NCT RESONANCE Pt. 2 - The 2nd Album (KiT),NCT,114093,2020.11.23
2021,94,5th Mini Album [YES.],골든차일드,113966,2021.01.25
2021,95,GO生,Stray Kids (스트레이 키즈),113463,2020.06.17
2021,96,The Blowing,하이라이트(Highlight),111968,2021.05.03
2021,97,..선물,이찬원,111817,2021.10.07
2021,98,Dear OHMYGIRL,오마이걸 (OH MY GIRL),111804,2021.05.10
2021,99,SUMMER POPUP ALBUM [POPPING],온앤오프 (ONF),111696,2021.08.09
2021,100,PAGE,강승윤,111497,2021.03.29
2022,1,Proof,방탄소년단,3482598,2022.06.10
2022,2,MAXIDENT,Stray Kids (스트레이 키즈),3176233,2022.10.07
2022,3,4th Album ''Face the Sun'',세븐틴,2867353,2022.05.27
2022,4,BORN PINK,BLACKPINK,2522941,2022.09.16
2022,5,Glitch Mode - The 2nd Album,NCT DREAM,2095544,2022.03.28
2022,6,질주 (2 Baddies) - The 4th Album,NCT 127,1825170,2022.09.16
2022,7,minisode 2: Thursday''s Child,투모로우바이투게더,1806679,2022.05.09
2022,8,Girls - The 2nd Mini Album,aespa,1803050,2022.07.08
2022,9,ODDINARY,Stray Kids (스트레이 키즈),1762168,2022.03.18
2022,10,After LIKE,IVE (아이브),1652402,2022.08.22
2022,11,Beatbox - The 2nd Album Repackage,NCT DREAM,1517211,2022.05.30
2022,12,4th Album Repackage ''SECTOR 17'',세븐틴,1470928,2022.07.18
2022,13,Candy - Winter Special Mini Album,NCT DREAM,1395187,2022.12.16
2022,14,MANIFESTO : DAY 1,ENHYPEN,1387150,2022.07.04
2022,15,IM HERO,임영웅,1149643,2022.05.02
2022,16,BETWEEN 1&2,TWICE,1121912,2022.08.26
2022,17,The Astronaut,진 (JIN),1040155,2022.10.28
2022,18,CHECKMATE,ITZY (있지),1032930,2022.07.15
2022,19,THE WORLD EP.1 : MOVEMENT,ATEEZ (에이티즈),1007575,2022.07.29
2022,20,CHESHIRE,ITZY (있지),1003533,2022.11.30
2022,21,LOVE DIVE,IVE (아이브),861185,2022.04.05
2022,22,I love,(여자)아이들,824113,2022.10.17
2022,23,''The ReVe Festival 2022 - Birthday'',레드벨벳(Red Velvet),803108,2022.11.28
2022,24,THE SECOND STEP : CHAPTER ONE,TREASURE (트레저),797717,2022.02.15
2022,25,DIMENSION : ANSWER,ENHYPEN,782590,2022.01.10
2022,26,ANTIFRAGILE,LE SSERAFIM (르세라핌),754657,2022.10.17
2022,27,''The ReVe Festival 2022 - Feel My Rhythm'',레드벨벳(Red Velvet),694304,2022.03.21
2022,28,PANORAMA,김호중,686586,2022.07.27
2022,29,2021 Winter SMTOWN : SMCU EXPRESS,SMTOWN,564410,2021.12.27
2022,30,ENTWURF,NMIXX,562596,2022.09.19
2022,31,Indigo,RM,544294,2022.12.02
2022,32,IM NAYEON,나연 (TWICE),544265,2022.06.24
2022,33,MMM,영탁,534147,2022.07.04
2022,34,1st EP ''New Jeans'',NewJeans,530766,2022.08.01
2022,35,AD MARE,NMIXX,498432,2022.02.22
2022,36,THE SECOND STEP : CHAPTER TWO,TREASURE (트레저),483423,2022.10.04
2022,37,Jack In The Box (Weverse),j-hope,476770,2022.07.15
2022,38,GOT7,GOT7,459254,2022.05.23
2022,39,FEARLESS,LE SSERAFIM (르세라핌),453215,2022.05.02
2022,40,7TH MINI ALBUM [BE AWARE],더보이즈(THE BOYZ),439502,2022.08.16
2022,41,SHAPE of LOVE,몬스타엑스,435754,2022.04.26
2022,42,FIRST IMPACT,Kep1er (케플러),396102,2022.01.03
2022,43,DOUBLAST,Kep1er (케플러),353401,2022.06.20
2022,44,MAP OF THE SOUL : PERSONA,방탄소년단,333361,2019.04.12
2022,45,혼돈의 장: FIGHT OR ESCAPE,투모로우바이투게더,332076,2021.08.17
2022,46,FOREVER 1 - The 7th Album,소녀시대,294948,2022.08.05
2022,47,MAP OF THE SOUL : 7,방탄소년단,292721,2020.02.21
2022,48,LOVE YOURSELF 轉 ''Tear'',방탄소년단,292131,2018.05.18
2022,49,I NEVER DIE,(여자)아이들,274958,2022.03.14
2022,50,TROUBLESHOOTER,Kep1er (케플러),267476,2022.10.13
2022,51,LOVE YOURSELF 承 ''Her'',방탄소년단,263067,2017.09.18
2022,52,WE NEED LOVE,STAYC(스테이씨),261827,2022.07.19
2022,53,YOUNG-LUV.COM,STAYC(스테이씨),258572,2022.02.21
2022,54,Drive to the Starry Road,아스트로(ASTRO),253427,2022.05.16
2022,55,SPIN OFF : FROM THE WITNESS,ATEEZ (에이티즈),252291,2022.12.30
2022,56,NOEASY,Stray Kids (스트레이 키즈),246937,2021.08.23
2022,57,TRICKSTER,원어스(ONEUS),243263,2022.05.17
2022,58,28 Reasons - The 1st Mini Album,슬기 (SEULGI),241364,2022.10.04
2022,59,minisode1 : Blue Hour,투모로우바이투게더,241261,2020.10.26
2022,60,1st EP ''New Jeans'' (Weverse),NewJeans,230960,2022.08.01
2022,61,4th Album Repackage ''SECTOR 17'' (Weverse),세븐틴,228380,2022.07.18
2022,62,3RD ALBUM ''An Ode'',세븐틴,226071,2019.09.16
2022,63,4th Album ''Face the Sun'' (Weverse),세븐틴,223341,2022.05.27
2022,64,NEW WAVE,CRAVITY,221418,2022.09.27
2022,65,LOVE YOURSELF 結 ''Answer'',방탄소년단,215404,2018.08.24
2022,66,Grey Suit - The 2nd Mini Album,수호 (SUHO),211013,2022.04.04
2022,67,6th Single Album ''CHASE EPISODE 2. MAUM'',DKZ,208671,2022.04.12
2022,68,Universe - The 3rd Album,NCT,207921,2021.12.14
2022,69,9th Mini Album ''Attacca'',세븐틴,206821,2021.10.22
2022,70,''The ReVe Festival'' Finale,레드벨벳(Red Velvet),204965,2019.12.23
2022,71,MALUS,원어스(ONEUS),199237,2022.09.05
2022,72,Sequence,우주소녀,196468,2022.07.05
2022,73,HOLIDAY,위너(WINNER),196179,2022.07.05
2022,74,Indigo (Weverse),RM,195069,2022.12.02
2022,75,VOYAGER,기현 (몬스타엑스),194166,2022.03.15
2022,76,INVU - The 3rd Album,태연 (TAEYEON),193154,2022.02.14
2022,77,The Road : Winter for Spring,슈퍼주니어 (Super Junior),190869,2022.02.28
2022,78,SPIN OFF : FROM THE WITNESS (POCA),ATEEZ (에이티즈),189734,2022.12.30
2022,79,THE WAVE OF9,SF9 (에스에프나인),182841,2022.07.13
2022,80,Savage - The 1st Mini Album,aespa,181506,2021.10.05
2022,81,The Road : Keep on Going - The 11th Album Vol.1,슈퍼주니어 (Super Junior),178561,2022.07.12
2022,82,Brand New - The 1st Mini Album,시우민 (XIUMIN),177439,2022.09.26
2022,83,ELEVEN,IVE (아이브),175911,2021.12.01
2022,84,MANIFESTO : DAY 1 (Weverse),ENHYPEN,169798,2022.07.04
2022,85,Candy - Winter Special Mini Album (SMC),NCT DREAM,169270,2022.12.16
2022,86,7th Mini Album ''헹가래'',세븐틴,168593,2020.06.22
2022,87,Butter,방탄소년단,166988,2021.05.21
2022,88,The Road : Celebration - The 11th Album Vol.2,슈퍼주니어 (Super Junior),164426,2022.12.15
2022,89,2022 Winter SMTOWN : SMCU PALACE,SMTOWN,161469,2022.12.26
2022,90,YOUTH,기현 (몬스타엑스),161066,2022.10.24
2022,91,7th Single Album ''CHASE EPISODE 3. BEUM'',DKZ,158704,2022.10.06
2022,92,from our Memento Box,프로미스나인 (fromis_9),158682,2022.06.27
2022,93,The Story,강다니엘,157019,2022.05.24
2022,94,Summer Special [Flip That],이달의 소녀,156907,2022.06.20
2022,95,1ST ALBUM PART 2 [LIBERTY : IN OUR COSMOS],CRAVITY,156719,2022.03.22
2022,96,혼돈의 장: FREEZE,투모로우바이투게더,152900,2021.05.31
2022,97,The Story (META),강다니엘,149807,2022.05.24
2022,98,REFUGE,문빈&산하,147056,2022.03.15
2022,99,Love Pt.2 : Passion,위아이 (WEi),146044,2022.10.19
2022,100,7TH MINI ALBUM [BE AWARE] (META),더보이즈(THE BOYZ),144734,2022.08.16
